,product_name,product_price,product_desc,product_img_url,product_buy_link
0,Men Slim Mid Rise Grey Jeans,₹399,82% off,https://rukminim2.flixcart.com/image/612/612/xif0q/jean/s/1/q/34-ljrmg005-lzard-original-imagteww2sghnje9.jpeg?q=70,https://www.flipkart.com/lzard-slim-men-grey-jeans/p/itmdf055634b0d15?pid=JEAGTEWXH6PCMNGB&lid=LSTJEAGTEWXH6PCMNGBPW6GXV&marketplace=FLIPKART&q=jeans&store=clo%2Fvua%2Fk58&srno=s_1_1&otracker=search&fm=organic&iid=en_sn0R7H-4-Gc8ApQasaqcW-LR28FoHeI2ZXld6ko58gxs2KNOkwpb26Vj4rjYjsUGGDWWJNf6T81QLOO6tXkUEw%3D%3D&ppt=None&ppn=None&ssid=89jr25gsr40000001707396611295&qH=a0f2589b1ced4dec
1,Women Boyfriend High Rise Black Jeans,₹489,67% off,https://rukminim2.flixcart.com/image/612/612/xif0q/jean/i/p/1/32-j-1285-kashian-original-imagnyxjgzbtajca.jpeg?q=70,https://www.flipkart.com/kashian-boyfriend-women-black-jeans/p/itm262724f391135?pid=JEAGNYY7A55HENYD&lid=LSTJEAGNYY7A55HENYDRSICMP&marketplace=FLIPKART&q=jeans&store=clo%2Fvua%2Fk58&srno=s_1_2&otracker=search&fm=organic&iid=en_sn0R7H-4-Gc8ApQasaqcW-LR28FoHeI2ZXld6ko58gwEC6ePTpRNOQETXLwFYWW0LFEBT9oKObqQDlhWjdTQHg%3D%3D&ppt=None&ppn=None&ssid=89jr25gsr40000001707396611295&qH=a0f2589b1ced4dec
2,Men Regular Mid Rise Dark Blue Jeans,₹500,74% off,https://rukminim2.flixcart.com/image/612/612/kvba7bk0/jean/g/q/h/32-13866608-roadster-original-imag88pfjcx5xmfw.jpeg?q=70,https://www.flipkart.com/roadster-regular-men-dark-blue-jeans/p/itm35239933b6703?pid=JEAG88PDEQSUS2ZZ&lid=LSTJEAG88PDEQSUS2ZZJ3O24U&marketplace=FLIPKART&q=jeans&store=clo%2Fvua%2Fk58&srno=s_1_3&otracker=search&fm=organic&iid=947d750e-d4f2-466b-89cb-784006a4bd64.JEAG88PDEQSUS2ZZ.SEARCH&ppt=None&ppn=None&ssid=89jr25gsr40000001707396611295&qH=a0f2589b1ced4dec
3,Men Slim Mid Rise Dark Grey Jeans,₹379,70% off,https://rukminim2.flixcart.com/image/612/612/xif0q/jean/u/e/o/30-g2-mj-gr-103-comfits-original-imagrquh8vqz9znc.jpeg?q=70,https://www.flipkart.com/comfits-slim-men-dark-grey-jeans/p/itm896f2d4eef029?pid=JEAGRQUGYHC57HW8&lid=LSTJEAGRQUGYHC57HW8P6KKO6&marketplace=FLIPKART&q=jeans&store=clo%2Fvua%2Fk58&spotlightTagId=BestsellerId_clo%2Fvua%2Fk58&srno=s_1_4&otracker=search&fm=organic&iid=947d750e-d4f2-466b-89cb-784006a4bd64.JEAGRQUGYHC57HW8.SEARCH&ppt=None&ppn=None&ssid=89jr25gsr40000001707396611295&qH=a0f2589b1ced4dec
4,Men Skinny Mid Rise Blue Jeans,₹550,74% off,https://rukminim2.flixcart.com/image/612/612/xif0q/jean/h/z/f/36-16941452-roadster-original-imagk2afjcyd7h2k.jpeg?q=70,https://www.flipkart.com/roadster-skinny-men-blue-jeans/p/itm0f5a69a713e13?pid=JEAGK2AAXZYEHTX8&lid=LSTJEAGK2AAXZYEHTX8SIRFKY&marketplace=FLIPKART&q=jeans&store=clo%2Fvua%2Fk58&srno=s_1_5&otracker=search&fm=organic&iid=947d750e-d4f2-466b-89cb-784006a4bd64.JEAGK2AAXZYEHTX8.SEARCH&ppt=None&ppn=None&ssid=89jr25gsr40000001707396611295&qH=a0f2589b1ced4dec
5,Boys Regular Mid Rise Dark Blue Jeans,₹499,Not Mentioned,https://rukminim2.flixcart.com/image/612/612/xif0q/jean/4/y/u/4-5-years-668159-v-mart-original-imagx6chjqyg9zsn.jpeg?q=70,https://www.flipkart.com/v-mart-regular-boys-dark-blue-jeans/p/itm5c13926cd0da2?pid=JEAGX6CGA72ZUWZW&lid=LSTJEAGX6CGA72ZUWZWJF6VQH&marketplace=FLIPKART&q=jeans&store=clo%2Fvua%2Fk58&srno=s_1_6&otracker=search&fm=organic&iid=947d750e-d4f2-466b-89cb-784006a4bd64.JEAGX6CGA72ZUWZW.SEARCH&ppt=None&ppn=None&ssid=89jr25gsr40000001707396611295&qH=a0f2589b1ced4dec
6,Men Slim Mid Rise Light Blue Jeans,₹399,82% off,https://rukminim2.flixcart.com/image/612/612/xif0q/jean/p/i/h/32-ljrmf005-lzard-original-imagteqt9gv5z7qd.jpeg?q=70,https://www.flipkart.com/lzard-slim-men-light-blue-jeans/p/itm8d1ad8a7bb3d3?pid=JEAGTERCDQRXQ2WX&lid=LSTJEAGTERCDQRXQ2WXLTRFQR&marketplace=FLIPKART&q=jeans&store=clo%2Fvua%2Fk58&srno=s_1_7&otracker=search&fm=organic&iid=en_sn0R7H-4-Gc8ApQasaqcW-LR28FoHeI2ZXld6ko58gzp1fDyAo6AVRyUv0c1AURi1rPlbtlv4vW3i_UCG028Qw%3D%3D&ppt=None&ppn=None&ssid=89jr25gsr40000001707396611295&qH=a0f2589b1ced4dec
7,Women Boyfriend High Rise Dark Blue Jeans,₹489,67% off,https://rukminim2.flixcart.com/image/612/612/xif0q/jean/x/a/c/34-j-1285-kashian-original-imagnyxjv5pgjvyk.jpeg?q=70,https://www.flipkart.com/kashian-boyfriend-women-dark-blue-jeans/p/itm6f02c1f69ac55?pid=JEAGNFYUDKXPJNRQ&lid=LSTJEAGNFYUDKXPJNRQO1GA1L&marketplace=FLIPKART&q=jeans&store=clo%2Fvua%2Fk58&srno=s_1_8&otracker=search&fm=organic&iid=en_sn0R7H-4-Gc8ApQasaqcW-LR28FoHeI2ZXld6ko58gxbfYKEnjb4tSClUXX1pSBGhGwlt4aRB9OoFvDM2uKZ5Q%3D%3D&ppt=None&ppn=None&ssid=89jr25gsr40000001707396611295&qH=a0f2589b1ced4dec
8,Men Skinny Mid Rise Dark Blue Jeans,₹500,74% off,https://rukminim2.flixcart.com/image/612/612/kvba7bk0/jean/x/7/p/32-14638052-roadster-original-imag88p2gynzqznj.jpeg?q=70,https://www.flipkart.com/roadster-skinny-men-dark-blue-jeans/p/itmcef385641fa85?pid=JEAG88P7GZGXXQ9R&lid=LSTJEAG88P7GZGXXQ9R0LGK8B&marketplace=FLIPKART&q=jeans&store=clo%2Fvua%2Fk58&srno=s_1_9&otracker=search&fm=organic&iid=947d750e-d4f2-466b-89cb-784006a4bd64.JEAG88P7GZGXXQ9R.SEARCH&ppt=None&ppn=None&ssid=89jr25gsr40000001707396611295&qH=a0f2589b1ced4dec
9,Men Tapered Fit Mid Rise Blue Jeans,₹500,74% off,https://rukminim2.flixcart.com/image/612/612/kv8fbm80/jean/j/f/q/36-13866334-roadster-original-imag867bu5akf7hf.jpeg?q=70,https://www.flipkart.com/roadster-tapered-fit-men-blue-jeans/p/itm1e4acfd58367d?pid=JEAG867MQHF2KZWC&lid=LSTJEAG867MQHF2KZWCJHC19N&marketplace=FLIPKART&q=jeans&store=clo%2Fvua%2Fk58&srno=s_1_10&otracker=search&fm=organic&iid=947d750e-d4f2-466b-89cb-784006a4bd64.JEAG867MQHF2KZWC.SEARCH&ppt=None&ppn=None&ssid=89jr25gsr40000001707396611295&qH=a0f2589b1ced4dec
10,Men Slim Mid Rise Black Jeans,₹399,82% off,https://rukminim2.flixcart.com/image/612/612/xif0q/jean/t/r/h/36-ljrmc005-lzard-original-imagtdv9x72vfnxz.jpeg?q=70,https://www.flipkart.com/lzard-slim-men-black-jeans/p/itme99e933d99511?pid=JEAGTDVAHZ5GEYHN&lid=LSTJEAGTDVAHZ5GEYHNTKNZV9&marketplace=FLIPKART&q=jeans&store=clo%2Fvua%2Fk58&srno=s_1_11&otracker=search&fm=organic&iid=en_sn0R7H-4-Gc8ApQasaqcW-LR28FoHeI2ZXld6ko58gxI38HRVfj7kXgHNoMaNHs2eVNogQ1B35xQeJC7ZCOxXQ%3D%3D&ppt=None&ppn=None&ssid=89jr25gsr40000001707396611295&qH=a0f2589b1ced4dec
11,Men Slim Mid Rise Blue Jeans,₹399,82% off,https://rukminim2.flixcart.com/image/612/612/xif0q/jean/8/b/h/28-ljrme005-lzard-original-imagtepx4dbjgpgz.jpeg?q=70,https://www.flipkart.com/lzard-slim-men-blue-jeans/p/itmfeea8e867a40b?pid=JEAGTERASGZ7PKFX&lid=LSTJEAGTERASGZ7PKFXXZNQRO&marketplace=FLIPKART&q=jeans&store=clo%2Fvua%2Fk58&srno=s_1_12&otracker=search&fm=organic&iid=en_sn0R7H-4-Gc8ApQasaqcW-LR28FoHeI2ZXld6ko58gxZW23viSEdIo0ZkhxAiQbthgFS-krshDS2vAhhmLT2Xg%3D%3D&ppt=None&ppn=None&ssid=89jr25gsr40000001707396611295&qH=a0f2589b1ced4dec
12,Women Regular High Rise Black Jeans,₹499,83% off,https://rukminim2.flixcart.com/image/612/612/klqx30w0/jean/i/t/v/32-kttladiesjeans848-kotty-original-imagyt4gu8sperbe.jpeg?q=70,https://www.flipkart.com/kotty-regular-women-black-jeans/p/itmbd2194b7512df?pid=JEAGFFMYHFDRPXEN&lid=LSTJEAGFFMYHFDRPXENPLQJZU&marketplace=FLIPKART&q=jeans&store=clo%2Fvua%2Fk58&spotlightTagId=BestsellerId_clo%2Fvua%2Fk58&srno=s_1_13&otracker=search&fm=organic&iid=947d750e-d4f2-466b-89cb-784006a4bd64.JEAGFFMYHFDRPXEN.SEARCH&ppt=None&ppn=None&ssid=89jr25gsr40000001707396611295&qH=a0f2589b1ced4dec
13,Boys Regular Mid Rise Grey Jeans,₹499,50% off,https://rukminim2.flixcart.com/image/612/612/xif0q/shopsy-jean/x/v/l/28-kb-multi-men-dj-26-captainsparro-original-imagkfxjj4zz94gp.jpeg?q=70,https://www.flipkart.com/davyjhones-regular-boys-grey-jeans/p/itm1c9530105ef16?pid=JEAGXJT6JYHGZFSC&lid=LSTJEAGXJT6JYHGZFSCPOWQC2&marketplace=FLIPKART&q=jeans&store=clo%2Fvua%2Fk58&srno=s_1_14&otracker=search&fm=organic&iid=947d750e-d4f2-466b-89cb-784006a4bd64.JEAGXJT6JYHGZFSC.SEARCH&ppt=None&ppn=None&ssid=89jr25gsr40000001707396611295&qH=a0f2589b1ced4dec
14,Women Flared Mid Rise Light Blue Jeans,₹499,75% off,https://rukminim2.flixcart.com/image/612/612/xif0q/jean/u/5/v/34-wl-l-blue1-zayla-original-imagtsjgxf2wzjhn.jpeg?q=70,https://www.flipkart.com/zayla-flared-women-light-blue-jeans/p/itm67043b813af09?pid=JEAGTSJG7YGFYYX7&lid=LSTJEAGTSJG7YGFYYX7DNBRI3&marketplace=FLIPKART&q=jeans&store=clo%2Fvua%2Fk58&srno=s_1_15&otracker=search&fm=organic&iid=947d750e-d4f2-466b-89cb-784006a4bd64.JEAGTSJG7YGFYYX7.SEARCH&ppt=None&ppn=None&ssid=89jr25gsr40000001707396611295&qH=a0f2589b1ced4dec
15,Women Skinny High Rise Black Jeans,₹499,58% off,https://rukminim2.flixcart.com/image/612/612/l12h1u80/jean/m/l/q/34-jeans-black2-4-zayla-original-imagcpy6jgjj43um.jpeg?q=70,https://www.flipkart.com/zayla-skinny-women-black-jeans/p/itmc7c3069686b35?pid=JEAGJHMZBNJGAQZC&lid=LSTJEAGJHMZBNJGAQZCCQDWGO&marketplace=FLIPKART&q=jeans&store=clo%2Fvua%2Fk58&srno=s_1_16&otracker=search&fm=organic&iid=947d750e-d4f2-466b-89cb-784006a4bd64.JEAGJHMZBNJGAQZC.SEARCH&ppt=None&ppn=None&ssid=89jr25gsr40000001707396611295&qH=a0f2589b1ced4dec
16,Men Slim Mid Rise Dark Blue Jeans,₹623,68% off,https://rukminim2.flixcart.com/image/612/612/xif0q/jean/i/e/m/30-sc-df-m-015-dennie-foste-original-imagrvde37ydsahn.jpeg?q=70,https://www.flipkart.com/dennie-foste-slim-men-dark-blue-jeans/p/itm7c55d6c2c1421?pid=JEAGRVGU9VYVGKYS&lid=LSTJEAGRVGU9VYVGKYSO80VVQ&marketplace=FLIPKART&q=jeans&store=clo%2Fvua%2Fk58&srno=s_1_17&otracker=search&fm=organic&iid=en_sn0R7H-4-Gc8ApQasaqcW-LR28FoHeI2ZXld6ko58gyYZMd2kQfmC_6d18Y-PIxujS0kouX-Tz6Rf6_al3u0GQ%3D%3D&ppt=None&ppn=None&ssid=89jr25gsr40000001707396611295&qH=a0f2589b1ced4dec
17,Women Boyfriend High Rise Light Blue Jeans,₹489,67% off,https://rukminim2.flixcart.com/image/612/612/xif0q/jean/c/7/q/34-j-1285-kashian-original-imagnyxjytsb2x8b.jpeg?q=70,https://www.flipkart.com/kashian-boyfriend-women-light-blue-jeans/p/itm217de25373016?pid=JEAGNYY8BTWXCBQP&lid=LSTJEAGNYY8BTWXCBQPYECZK3&marketplace=FLIPKART&q=jeans&store=clo%2Fvua%2Fk58&srno=s_1_18&otracker=search&fm=organic&iid=en_sn0R7H-4-Gc8ApQasaqcW-LR28FoHeI2ZXld6ko58gxCv9XGLttPdDXqW_9fHuKePJgq5G0jC_-ah1Rkh9wlEQ%3D%3D&ppt=None&ppn=None&ssid=89jr25gsr40000001707396611295&qH=a0f2589b1ced4dec
18,Boys Regular Mid Rise Blue Jeans,₹699,Not Mentioned,https://rukminim2.flixcart.com/image/612/612/xif0q/jean/7/2/r/8-9-years-675293-v-mart-original-imagx8qjm64ccfpm.jpeg?q=70,https://www.flipkart.com/v-mart-regular-boys-blue-jeans/p/itmd7de837ce51e3?pid=JEAGX8QMER2AHV7K&lid=LSTJEAGX8QMER2AHV7KMWMVE5&marketplace=FLIPKART&q=jeans&store=clo%2Fvua%2Fk58&srno=s_1_19&otracker=search&fm=organic&iid=947d750e-d4f2-466b-89cb-784006a4bd64.JEAGX8QMER2AHV7K.SEARCH&ppt=None&ppn=None&ssid=89jr25gsr40000001707396611295&qH=a0f2589b1ced4dec
19,Boys Slim Mid Rise Dark Blue Jeans,₹426,77% off,https://rukminim2.flixcart.com/image/612/612/klscivk0/jean/u/3/l/5-6-years-klrss20je007a-killer-original-imagyu2eujh6pu4z.jpeg?q=70,https://www.flipkart.com/killer-slim-boys-dark-blue-jeans/p/itmc8927ec0572c3?pid=JEAFZHW9ZBYZ9DFQ&lid=LSTJEAFZHW9ZBYZ9DFQNCXAKH&marketplace=FLIPKART&q=jeans&store=clo%2Fvua%2Fk58&srno=s_1_20&otracker=search&fm=organic&iid=947d750e-d4f2-466b-89cb-784006a4bd64.JEAFZHW9ZBYZ9DFQ.SEARCH&ppt=None&ppn=None&ssid=89jr25gsr40000001707396611295&qH=a0f2589b1ced4dec
20,Men Slim Mid Rise Grey Jeans,₹399,82% off,https://rukminim2.flixcart.com/image/612/612/xif0q/jean/d/0/z/38-ljrmj205-lzard-original-imagtfspfeemefaa.jpeg?q=70,https://www.flipkart.com/lzard-slim-men-grey-jeans/p/itm8242755e64b87?pid=JEAGTFSQZZDHCKCZ&lid=LSTJEAGTFSQZZDHCKCZGUUUBX&marketplace=FLIPKART&q=jeans&store=clo%2Fvua%2Fk58&srno=s_1_21&otracker=search&fm=organic&iid=en_sn0R7H-4-Gc8ApQasaqcW-LR28FoHeI2ZXld6ko58gw9FPCQESEJJoaJ_6FFoITHItEsOWn_JpEvORfp4qeqwQ%3D%3D&ppt=None&ppn=None&ssid=89jr25gsr40000001707396611295&qH=a0f2589b1ced4dec
21,Men Slim Mid Rise Dark Blue Jeans,₹399,82% off,https://rukminim2.flixcart.com/image/612/612/xif0q/jean/6/e/d/30-ljrmc005-lzard-original-imagtdv9pgfjtc9g.jpeg?q=70,https://www.flipkart.com/lzard-slim-men-dark-blue-jeans/p/itmd36fa95ced97a?pid=JEAGTDVAZJTUEHZP&lid=LSTJEAGTDVAZJTUEHZPR2RZ4A&marketplace=FLIPKART&q=jeans&store=clo%2Fvua%2Fk58&srno=s_1_22&otracker=search&fm=organic&iid=en_sn0R7H-4-Gc8ApQasaqcW-LR28FoHeI2ZXld6ko58gzaIr1C2EwC-a_VQkJ7-nbSpSLeFgwu6GO58X9BDtsBXQ%3D%3D&ppt=None&ppn=None&ssid=89jr25gsr40000001707396611295&qH=a0f2589b1ced4dec
22,Women Slim Mid Rise Blue Jeans,₹499,75% off,https://rukminim2.flixcart.com/image/612/612/xif0q/jean/t/v/x/34-f2m3-3211-f2m-original-imagfw7gwzkz5p2q-bb.jpeg?q=70,https://www.flipkart.com/f2m-slim-women-blue-jeans/p/itm9cb3aaa49fd4c?pid=JEAGFW7HUGE3GJFG&lid=LSTJEAGFW7HUGE3GJFGOAOO6B&marketplace=FLIPKART&q=jeans&store=clo%2Fvua%2Fk58&srno=s_1_23&otracker=search&fm=organic&iid=947d750e-d4f2-466b-89cb-784006a4bd64.JEAGFW7HUGE3GJFG.SEARCH&ppt=None&ppn=None&ssid=89jr25gsr40000001707396611295&qH=a0f2589b1ced4dec
23,Women Boot-Leg Mid Rise Dark Blue Jeans,₹650,73% off,https://rukminim2.flixcart.com/image/612/612/kt8zb0w0/jean/o/v/i/36-13710776-roadster-original-imag6ny5jthngzk9.jpeg?q=70,https://www.flipkart.com/roadster-boot-leg-women-dark-blue-jeans/p/itm7c735688c2f51?pid=JEAG6NFPENZF2QNF&lid=LSTJEAG6NFPENZF2QNF3P8J5T&marketplace=FLIPKART&q=jeans&store=clo%2Fvua%2Fk58&srno=s_1_24&otracker=search&fm=organic&iid=947d750e-d4f2-466b-89cb-784006a4bd64.JEAG6NFPENZF2QNF.SEARCH&ppt=None&ppn=None&ssid=89jr25gsr40000001707396611295&qH=a0f2589b1ced4dec
24,Men & Women Regular Mid Rise Grey Jeans,₹985,1% off,https://rukminim2.flixcart.com/image/612/612/xif0q/jean/e/i/p/32-as-99-subhasharments-original-imags9srjf5smyeh.jpeg?q=70,https://www.flipkart.com/subhashread-regular-men-women-grey-jeans/p/itmff9588eaf4fe8?pid=JEAGSHDHG8Y8WZWC&lid=LSTJEAGSHDHG8Y8WZWCJVCQEZ&marketplace=FLIPKART&q=jeans&store=clo%2Fvua%2Fk58&srno=s_1_25&otracker=search&fm=organic&iid=947d750e-d4f2-466b-89cb-784006a4bd64.JEAGSHDHG8Y8WZWC.SEARCH&ppt=None&ppn=None&ssid=89jr25gsr40000001707396611295&qH=a0f2589b1ced4dec
25,Men Slim Mid Rise Grey Jeans,₹645,56% off,https://rukminim2.flixcart.com/image/612/612/xif0q/jean/e/f/2/36-8962343-roadster-original-imafjuyskyzqeny7-bb.jpeg?q=70,https://www.flipkart.com/roadster-slim-men-grey-jeans/p/itm38c17d66f2750?pid=JEAFJUR8X7JPA54S&lid=LSTJEAFJUR8X7JPA54SAQJPWB&marketplace=FLIPKART&q=jeans&store=clo%2Fvua%2Fk58&srno=s_1_26&otracker=search&fm=organic&iid=947d750e-d4f2-466b-89cb-784006a4bd64.JEAFJUR8X7JPA54S.SEARCH&ppt=None&ppn=None&ssid=89jr25gsr40000001707396611295&qH=a0f2589b1ced4dec
26,Women Boyfriend Mid Rise Black Jeans,₹489,67% off,https://rukminim2.flixcart.com/image/612/612/xif0q/jean/l/k/g/28-mp01bg-kocktail-production-original-imagp7vgd6qzh8td.jpeg?q=70,https://www.flipkart.com/kashian-boyfriend-women-black-jeans/p/itme0194553350c8?pid=JEAGPTZNQNDNWJYS&lid=LSTJEAGPTZNQNDNWJYSAKCWSW&marketplace=FLIPKART&q=jeans&store=clo%2Fvua%2Fk58&srno=s_1_27&otracker=search&fm=organic&iid=en_sn0R7H-4-Gc8ApQasaqcW-LR28FoHeI2ZXld6ko58gyFJN7UYHIKEVjdgbCF4G1BIdvdiIRGg6KQIlrupe59OA%3D%3D&ppt=None&ppn=None&ssid=89jr25gsr40000001707396611295&qH=a0f2589b1ced4dec
27,Men Slim Mid Rise Blue Jeans,"₹1,499",50% off,https://rukminim2.flixcart.com/image/612/612/l47cu4w0/jean/m/o/v/32-lrdncslp665428-louis-philippe-jeans-original-imagf5kszwp9hksq.jpeg?q=70,https://www.flipkart.com/louis-philippe-jeans-slim-men-blue/p/itmcbba3e25a512e?pid=JEAGDNFVKFSWRNFH&lid=LSTJEAGDNFVKFSWRNFHMGQ6DT&marketplace=FLIPKART&q=jeans&store=clo%2Fvua%2Fk58&srno=s_1_28&otracker=search&fm=organic&iid=en_sn0R7H-4-Gc8ApQasaqcW-LR28FoHeI2ZXld6ko58gwhmsGRdn89YOVfWnvB-igqEu6Xjwou_304B0ZJ5D0hn0Ksf8s6I2Oz2HOgbXTo_9U%3D&ppt=None&ppn=None&ssid=89jr25gsr40000001707396611295&qH=a0f2589b1ced4dec
28,Boys Regular Mid Rise Beige Jeans,₹499,Not Mentioned,https://rukminim2.flixcart.com/image/612/612/xif0q/jean/0/j/x/4-5-years-667746-v-mart-original-imagx6cgrhhpwfeb.jpeg?q=70,https://www.flipkart.com/v-mart-regular-boys-beige-jeans/p/itmbb63ae9d7d1d9?pid=JEAGX6CHZCG7CUY4&lid=LSTJEAGX6CHZCG7CUY4OBPRAZ&marketplace=FLIPKART&q=jeans&store=clo%2Fvua%2Fk58&srno=s_1_29&otracker=search&fm=organic&iid=947d750e-d4f2-466b-89cb-784006a4bd64.JEAGX6CHZCG7CUY4.SEARCH&ppt=None&ppn=None&ssid=89jr25gsr40000001707396611295&qH=a0f2589b1ced4dec
29,Men Regular Mid Rise Grey Jeans,₹623,52% off,https://rukminim2.flixcart.com/image/612/612/kfoapow0-0/jean/x/g/n/34-000895-highlander-original-imafw2hyehddrwhs.jpeg?q=70,https://www.flipkart.com/highlander-regular-men-grey-jeans/p/itm8fdfd3bc0c077?pid=JEAFEBZYVPGDUAGE&lid=LSTJEAFEBZYVPGDUAGEUD3WTW&marketplace=FLIPKART&q=jeans&store=clo%2Fvua%2Fk58&srno=s_1_30&otracker=search&fm=organic&iid=947d750e-d4f2-466b-89cb-784006a4bd64.JEAFEBZYVPGDUAGE.SEARCH&ppt=None&ppn=None&ssid=89jr25gsr40000001707396611295&qH=a0f2589b1ced4dec
30,Men Slim Mid Rise Grey Jeans,₹399,82% off,https://rukminim2.flixcart.com/image/612/612/xif0q/jean/v/0/4/38-ljrmh005-lzard-original-imagtexty6y38tqz.jpeg?q=70,https://www.flipkart.com/lzard-slim-men-grey-jeans/p/itm6882efdd51cdc?pid=JEAGTEXUYZFQ56EX&lid=LSTJEAGTEXUYZFQ56EXSJM6UQ&marketplace=FLIPKART&q=jeans&store=clo%2Fvua%2Fk58&srno=s_1_31&otracker=search&fm=organic&iid=en_sn0R7H-4-Gc8ApQasaqcW-LR28FoHeI2ZXld6ko58gzoYbYaNHJS_Nkvrn4mjIPyLLnWH38clTvl5kc3bjTP-g%3D%3D&ppt=None&ppn=None&ssid=89jr25gsr40000001707396611295&qH=a0f2589b1ced4dec
31,Men Slim Mid Rise Black Jeans,₹399,82% off,https://rukminim2.flixcart.com/image/612/612/xif0q/jean/r/l/s/28-ljrma005-lzard-original-imagtdpjj3ascuze.jpeg?q=70,https://www.flipkart.com/lzard-slim-men-black-jeans/p/itm29939e169a897?pid=JEAGTDPKHNEYYHGS&lid=LSTJEAGTDPKHNEYYHGSCYM6SV&marketplace=FLIPKART&q=jeans&store=clo%2Fvua%2Fk58&srno=s_1_32&otracker=search&fm=organic&iid=en_sn0R7H-4-Gc8ApQasaqcW-LR28FoHeI2ZXld6ko58gwpYIZPDrMPP7DntVquTgLPYWup2PJhPN44p7R-VZBK6Q%3D%3D&ppt=None&ppn=None&ssid=89jr25gsr40000001707396611295&qH=a0f2589b1ced4dec
32,Men Regular Mid Rise Black Jeans,₹500,74% off,https://rukminim2.flixcart.com/image/612/612/kybvo280/jean/l/n/y/30-14637850-roadster-original-imagakxjzhzq3dv7.jpeg?q=70,https://www.flipkart.com/roadster-regular-men-black-jeans/p/itm577afa5367516?pid=JEAGAH4M6ZSN6BHZ&lid=LSTJEAGAH4M6ZSN6BHZS6DZXL&marketplace=FLIPKART&q=jeans&store=clo%2Fvua%2Fk58&srno=s_1_33&otracker=search&fm=organic&iid=947d750e-d4f2-466b-89cb-784006a4bd64.JEAGAH4M6ZSN6BHZ.SEARCH&ppt=None&ppn=None&ssid=89jr25gsr40000001707396611295&qH=a0f2589b1ced4dec
33,Men Slim Mid Rise Blue Jeans,₹425,74% off,https://rukminim2.flixcart.com/image/612/612/kvba7bk0/jean/r/l/k/34-13866704-roadster-original-imag88pjacrhzej8.jpeg?q=70,https://www.flipkart.com/roadster-slim-men-blue-jeans/p/itm096faa9db7658?pid=JEAG88PXGHH9HFQY&lid=LSTJEAG88PXGHH9HFQYXQIDMV&marketplace=FLIPKART&q=jeans&store=clo%2Fvua%2Fk58&srno=s_1_34&otracker=search&fm=organic&iid=947d750e-d4f2-466b-89cb-784006a4bd64.JEAG88PXGHH9HFQY.SEARCH&ppt=None&ppn=None&ssid=89jr25gsr40000001707396611295&qH=a0f2589b1ced4dec
34,Boys Regular Mid Rise Grey Jeans,₹499,Not Mentioned,https://rukminim2.flixcart.com/image/612/612/xif0q/jean/k/p/d/4-5-years-671587-v-mart-original-imagx6cgfmyem62z.jpeg?q=70,https://www.flipkart.com/v-mart-regular-boys-grey-jeans/p/itmeb4c9d2b5c13e?pid=JEAGX6CHRHVRXRWT&lid=LSTJEAGX6CHRHVRXRWTOHMRAJ&marketplace=FLIPKART&q=jeans&store=clo%2Fvua%2Fk58&srno=s_1_35&otracker=search&fm=organic&iid=947d750e-d4f2-466b-89cb-784006a4bd64.JEAGX6CHRHVRXRWT.SEARCH&ppt=None&ppn=None&ssid=89jr25gsr40000001707396611295&qH=a0f2589b1ced4dec
35,Men Slim Mid Rise Black Jeans,₹592,57% off,https://rukminim2.flixcart.com/image/612/612/xif0q/jean/r/a/b/38-eps-black-03-urbano-fashion-original-imaghkgk27whjcej.jpeg?q=70,https://www.flipkart.com/urbano-fashion-slim-men-black-jeans/p/itmf3vzvepvpz8by?pid=JEAEP6TY2PXB57YU&lid=LSTJEAEP6TY2PXB57YUQUZHES&marketplace=FLIPKART&q=jeans&store=clo%2Fvua%2Fk58&srno=s_1_36&otracker=search&fm=organic&iid=947d750e-d4f2-466b-89cb-784006a4bd64.JEAEP6TY2PXB57YU.SEARCH&ppt=None&ppn=None&ssid=89jr25gsr40000001707396611295&qH=a0f2589b1ced4dec
36,Men Slim Low Rise Grey Jeans,₹759,49% off,https://rukminim2.flixcart.com/image/612/612/ksj9dow0/jean/y/d/m/28-ri225323-ragzo-original-imag62rdhwjkcgph.jpeg?q=70,https://www.flipkart.com/ragzo-slim-men-grey-jeans/p/itmfggdh3rkd9qnp?pid=JEAFGG32ZPPPZEFD&lid=LSTJEAFGG32ZPPPZEFDFRZZ2C&marketplace=FLIPKART&q=jeans&store=clo%2Fvua%2Fk58&srno=s_1_37&otracker=search&fm=organic&iid=en_sn0R7H-4-Gc8ApQasaqcW-LR28FoHeI2ZXld6ko58gyVuzbxuLhN8q6YHPPMaSz24BD34ugpfV-FLGvFxFc3lQ%3D%3D&ppt=None&ppn=None&ssid=89jr25gsr40000001707396611295&qH=a0f2589b1ced4dec
37,Men Slim Low Rise Blue Jeans,"₹1,649",50% off,https://rukminim2.flixcart.com/image/612/612/xif0q/jean/q/8/g/-original-imagrzgg3tdnhyku.jpeg?q=70,https://www.flipkart.com/louis-philippe-jeans-slim-men-blue/p/itm05e9b60ecb174?pid=JEAGMUE9QWFKHFDU&lid=LSTJEAGMUE9QWFKHFDUTZLHH1&marketplace=FLIPKART&q=jeans&store=clo%2Fvua%2Fk58&srno=s_1_38&otracker=search&fm=organic&iid=en_sn0R7H-4-Gc8ApQasaqcW-LR28FoHeI2ZXld6ko58gy6RqhiBlzbZkmyc4Y2Ud_1Al86Umbe1CT2AlyCZvAL_2Vkv0XZFiOX7bbXdlao_f8%3D&ppt=None&ppn=None&ssid=89jr25gsr40000001707396611295&qH=a0f2589b1ced4dec
38,Men Tapered Fit Mid Rise Grey Jeans,"₹1,049",47% off,https://rukminim2.flixcart.com/image/612/612/xif0q/jean/n/k/0/32-pjdnpctbz39087-peter-england-original-imagzy297sgzhzku.jpeg?q=70,https://www.flipkart.com/peter-england-tapered-fit-men-grey-jeans/p/itmee0c64c11b355?pid=JEAGNHD3WXWSZGGK&lid=LSTJEAGNHD3WXWSZGGKYFBMG6&marketplace=FLIPKART&q=jeans&store=clo%2Fvua%2Fk58&srno=s_1_39&otracker=search&fm=organic&iid=947d750e-d4f2-466b-89cb-784006a4bd64.JEAGNHD3WXWSZGGK.SEARCH&ppt=None&ppn=None&ssid=89jr25gsr40000001707396611295&qH=a0f2589b1ced4dec
39,Women Slim Mid Rise Light Blue Jeans,₹459,67% off,https://rukminim2.flixcart.com/image/612/612/xif0q/jean/v/6/6/28-ac-37-ice-a-c-creation-original-imagsh27fk48gzzd.jpeg?q=70,https://www.flipkart.com/c-creation-slim-women-light-blue-jeans/p/itm5b20b59e82899?pid=JEAFXVQUCMDHRQGR&lid=LSTJEAFXVQUCMDHRQGRDRZEUF&marketplace=FLIPKART&q=jeans&store=clo%2Fvua%2Fk58&srno=s_1_40&otracker=search&fm=organic&iid=947d750e-d4f2-466b-89cb-784006a4bd64.JEAFXVQUCMDHRQGR.SEARCH&ppt=None&ppn=None&ssid=89jr25gsr40000001707396611295&qH=a0f2589b1ced4dec
